,BCTNC16_1,CT1MM_1,CT3MM_1
BCTNC16_1,1.0,0.5806999802589417,0.6478000283241272
CT1MM_1,0.5806999802589417,1.0,0.5475000143051147
CT3MM_1,0.6478000283241272,0.5475000143051147,1.0
