,BCTNC16_1,CT1MM_1,CT3MM_1
BCTNC16_1,1.0,0.5746999979019165,0.6567999720573425
CT1MM_1,0.5746999979019165,1.0,0.5519000291824341
CT3MM_1,0.6567999720573425,0.5519000291824341,1.0
