,BCTNC16_1,CT1MM_1,CT3MM_1
BCTNC16_1,1.0,0.4235999882221222,0.6523000001907349
CT1MM_1,0.4235999882221222,1.0,0.44909998774528503
CT3MM_1,0.6523000001907349,0.44909998774528503,1.0
